{"stats":{"minecraft:mined":{"minecraft:furnace":1,"minecraft:crafting_table":4,"minecraft:grass_block":1,"minecraft:oak_log":7,"minecraft:stone":17,"minecraft:oak_leaves":3},"minecraft:crafted":{"minecraft:cooked_beef":10,"minecraft:oak_planks":24,"minecraft:stone_shovel":1,"minecraft:cooked_porkchop":4,"minecraft:crafting_table":1,"minecraft:stick":8,"minecraft:wooden_pickaxe":1,"minecraft:stone_pickaxe":1,"minecraft:furnace":1,"minecraft:stone_axe":1,"minecraft:air":0},"minecraft:killed":{"minecraft:skeleton":1,"minecraft:zombie":1,"minecraft:pig":2,"minecraft:cow":4},"minecraft:picked_up":{"minecraft:stick":2,"minecraft:crafting_table":4,"minecraft:leather":3,"minecraft:porkchop":4,"minecraft:oak_log":7,"minecraft:dirt":1,"minecraft:arrow":1,"minecraft:beef":10,"minecraft:cobblestone":17,"minecraft:furnace":1},"minecraft:custom":{"minecraft:time_since_rest":16481,"minecraft:interact_with_furnace":14,"minecraft:sprint_one_cm":194,"minecraft:damage_taken":75,"minecraft:walk_one_cm":50573,"minecraft:mob_kills":8,"minecraft:damage_dealt":940,"minecraft:tune_noteblock":55,"minecraft:interact_with_crafting_table":4,"minecraft:fly_one_cm":444,"minecraft:open_chest":1,"minecraft:crouch_one_cm":1153,"minecraft:play_time":16481,"minecraft:sneak_time":437,"minecraft:walk_under_water_one_cm":953,"minecraft:jump":149,"minecraft:leave_game":4,"minecraft:walk_on_water_one_cm":551,"minecraft:time_since_death":16481,"minecraft:total_world_time":16481,"minecraft:fall_one_cm":3654},"minecraft:used":{"minecraft:oak_fence":1,"minecraft:water_bucket":1,"minecraft:stone_pickaxe":15,"minecraft:chest":2,"minecraft:wooden_pickaxe":3,"minecraft:oak_pressure_plate":1,"minecraft:stone_axe":19,"minecraft:fishing_rod":11,"minecraft:diamond_block":1,"minecraft:dirt":1,"minecraft:iron_trapdoor":1,"minecraft:hopper":1,"minecraft:crafting_table":4,"minecraft:furnace":1,"minecraft:note_block":1,"minecraft:cooked_beef":1}},"DataVersion":3465}