{"stats":{"minecraft:used":{"minecraft:stone_pickaxe":1,"minecraft:poppy":1,"minecraft:wooden_pickaxe":18,"minecraft:cooked_salmon":3,"minecraft:stone_axe":10,"minecraft:salmon":1,"minecraft:crafting_table":4,"minecraft:furnace":1,"minecraft:white_bed":2},"minecraft:mined":{"minecraft:white_bed":2,"minecraft:brown_mushroom":2,"minecraft:furnace":1,"minecraft:crafting_table":4,"minecraft:oak_log":5,"minecraft:stone":18},"minecraft:custom":{"minecraft:time_since_rest":1999,"minecraft:interact_with_furnace":6,"minecraft:sprint_one_cm":28787,"minecraft:damage_taken":255,"minecraft:walk_one_cm":58577,"minecraft:mob_kills":8,"minecraft:drop":2,"minecraft:damage_dealt":489,"minecraft:swim_one_cm":1623,"minecraft:interact_with_crafting_table":4,"minecraft:fly_one_cm":34334,"minecraft:play_time":15121,"minecraft:sneak_time":12,"minecraft:walk_under_water_one_cm":1517,"minecraft:jump":255,"minecraft:leave_game":3,"minecraft:walk_on_water_one_cm":838,"minecraft:time_since_death":15121,"minecraft:sleep_in_bed":2,"minecraft:total_world_time":15121,"minecraft:fall_one_cm":6318},"minecraft:crafted":{"minecraft:oak_planks":20,"minecraft:stone_shovel":1,"minecraft:crafting_table":1,"minecraft:stick":12,"minecraft:wooden_pickaxe":1,"minecraft:stone_pickaxe":1,"minecraft:furnace":1,"minecraft:white_bed":1,"minecraft:cooked_salmon":4,"minecraft:stone_axe":1,"minecraft:air":0},"minecraft:picked_up":{"minecraft:birch_log":2,"minecraft:crafting_table":4,"minecraft:feather":2,"minecraft:chicken":3,"minecraft:salmon":6,"minecraft:brown_mushroom":2,"minecraft:oak_log":5,"minecraft:ink_sac":2,"minecraft:white_bed":2,"minecraft:dirt":29,"minecraft:wheat_seeds":1,"minecraft:gray_wool":1,"minecraft:poppy":1,"minecraft:sugar_cane":1,"minecraft:mutton":5,"minecraft:furnace":1,"minecraft:white_wool":3,"minecraft:cobblestone":18,"minecraft:egg":2},"minecraft:killed":{"minecraft:sheep":4,"minecraft:chicken":3,"minecraft:salmon":1},"minecraft:dropped":{"minecraft:white_bed":1,"minecraft:salmon":1}},"DataVersion":3465}