{"stats":{"minecraft:crafted":{"minecraft:oak_planks":20,"minecraft:crafting_table":1,"minecraft:stick":4,"minecraft:wooden_pickaxe":1},"minecraft:custom":{"minecraft:time_since_rest":4205,"minecraft:play_time":4205,"minecraft:sprint_one_cm":1846,"minecraft:damage_taken":50,"minecraft:walk_one_cm":24314,"minecraft:sneak_time":9,"minecraft:walk_under_water_one_cm":1517,"minecraft:mob_kills":1,"minecraft:drop":1,"minecraft:jump":80,"minecraft:damage_dealt":49,"minecraft:leave_game":1,"minecraft:time_since_death":4205,"minecraft:walk_on_water_one_cm":838,"minecraft:total_world_time":4205,"minecraft:swim_one_cm":1623,"minecraft:interact_with_crafting_table":1,"minecraft:fall_one_cm":1314,"minecraft:fly_one_cm":2144},"minecraft:dropped":{"minecraft:salmon":1},"minecraft:used":{"minecraft:salmon":1,"minecraft:crafting_table":1},"minecraft:picked_up":{"minecraft:crafting_table":1,"minecraft:salmon":2,"minecraft:brown_mushroom":2,"minecraft:oak_log":5,"minecraft:ink_sac":2,"minecraft:sugar_cane":1},"minecraft:mined":{"minecraft:oak_log":5,"minecraft:brown_mushroom":2,"minecraft:crafting_table":1},"minecraft:killed":{"minecraft:salmon":1}},"DataVersion":3465}