{"stats":{"minecraft:picked_up":{"minecraft:stick":2,"minecraft:crafting_table":2,"minecraft:arrow":1,"minecraft:porkchop":2,"minecraft:oak_log":4,"minecraft:cobblestone":15},"minecraft:used":{"minecraft:stone_axe":5,"minecraft:crafting_table":2,"minecraft:stone_pickaxe":12,"minecraft:wooden_pickaxe":3},"minecraft:mined":{"minecraft:oak_log":4,"minecraft:stone":15,"minecraft:oak_leaves":3,"minecraft:crafting_table":2},"minecraft:killed":{"minecraft:skeleton":1,"minecraft:pig":1},"minecraft:custom":{"minecraft:time_since_rest":6668,"minecraft:crouch_one_cm":517,"minecraft:sprint_one_cm":132,"minecraft:play_time":6668,"minecraft:damage_taken":40,"minecraft:walk_one_cm":22387,"minecraft:sneak_time":193,"minecraft:mob_kills":2,"minecraft:jump":74,"minecraft:damage_dealt":300,"minecraft:leave_game":3,"minecraft:time_since_death":6668,"minecraft:total_world_time":6668,"minecraft:interact_with_crafting_table":3,"minecraft:fall_one_cm":1289,"minecraft:fly_one_cm":359},"minecraft:crafted":{"minecraft:oak_planks":16,"minecraft:stone_shovel":1,"minecraft:stone_axe":1,"minecraft:crafting_table":1,"minecraft:stick":8,"minecraft:wooden_pickaxe":1,"minecraft:stone_pickaxe":1}},"DataVersion":3465}