{"stats":{"minecraft:used":{"minecraft:stone_axe":1,"minecraft:cobblestone":18,"minecraft:stone_pickaxe":62,"minecraft:white_bed":1},"minecraft:mined":{"minecraft:coal_ore":52,"minecraft:white_bed":1,"minecraft:furnace":1,"minecraft:cobblestone":4,"minecraft:stone":5,"minecraft:crafting_table":1},"minecraft:custom":{"minecraft:time_since_rest":3560,"minecraft:crouch_one_cm":2135,"minecraft:sprint_one_cm":10454,"minecraft:interact_with_furnace":1,"minecraft:play_time":7108,"minecraft:damage_taken":60,"minecraft:walk_one_cm":14287,"minecraft:sneak_time":627,"minecraft:jump":161,"minecraft:leave_game":1,"minecraft:time_since_death":7108,"minecraft:walk_on_water_one_cm":3476,"minecraft:sleep_in_bed":1,"minecraft:total_world_time":7108,"minecraft:fall_one_cm":3876,"minecraft:fly_one_cm":7829},"minecraft:picked_up":{"minecraft:crafting_table":1,"minecraft:white_bed":2,"minecraft:coal":52,"minecraft:cobblestone":9,"minecraft:furnace":1}},"DataVersion":3465}